{"tilemap": {"4;14": {"type": "stone", "variant": 0, "pos": [4, 14]}, "5;14": {"type": "stone", "variant": 0, "pos": [5, 14]}, "6;14": {"type": "stone", "variant": 0, "pos": [6, 14]}, "7;14": {"type": "stone", "variant": 0, "pos": [7, 14]}, "8;14": {"type": "stone", "variant": 0, "pos": [8, 14]}, "9;14": {"type": "stone", "variant": 0, "pos": [9, 14]}, "10;14": {"type": "stone", "variant": 0, "pos": [10, 14]}, "11;14": {"type": "stone", "variant": 0, "pos": [11, 14]}, "12;14": {"type": "stone", "variant": 0, "pos": [12, 14]}, "13;14": {"type": "stone", "variant": 0, "pos": [13, 14]}, "14;14": {"type": "stone", "variant": 0, "pos": [14, 14]}, "15;14": {"type": "stone", "variant": 0, "pos": [15, 14]}, "16;14": {"type": "stone", "variant": 0, "pos": [16, 14]}, "17;14": {"type": "stone", "variant": 0, "pos": [17, 14]}, "18;14": {"type": "stone", "variant": 0, "pos": [18, 14]}, "19;14": {"type": "stone", "variant": 0, "pos": [19, 14]}, "20;14": {"type": "stone", "variant": 0, "pos": [20, 14]}, "21;14": {"type": "stone", "variant": 0, "pos": [21, 14]}, "22;14": {"type": "stone", "variant": 0, "pos": [22, 14]}, "23;14": {"type": "stone", "variant": 0, "pos": [23, 14]}, "24;14": {"type": "stone", "variant": 0, "pos": [24, 14]}, "25;14": {"type": "stone", "variant": 0, "pos": [25, 14]}, "25;13": {"type": "stone", "variant": 0, "pos": [25, 13]}, "25;12": {"type": "stone", "variant": 0, "pos": [25, 12]}, "25;11": {"type": "stone", "variant": 0, "pos": [25, 11]}, "25;10": {"type": "stone", "variant": 0, "pos": [25, 10]}, "25;9": {"type": "stone", "variant": 0, "pos": [25, 9]}, "25;8": {"type": "stone", "variant": 0, "pos": [25, 8]}, "25;7": {"type": "stone", "variant": 0, "pos": [25, 7]}, "25;6": {"type": "stone", "variant": 0, "pos": [25, 6]}, "25;5": {"type": "stone", "variant": 0, "pos": [25, 5]}, "25;4": {"type": "stone", "variant": 0, "pos": [25, 4]}, "4;13": {"type": "stone", "variant": 0, "pos": [4, 13]}, "4;12": {"type": "stone", "variant": 0, "pos": [4, 12]}, "4;11": {"type": "stone", "variant": 0, "pos": [4, 11]}, "4;10": {"type": "stone", "variant": 0, "pos": [4, 10]}, "4;9": {"type": "stone", "variant": 0, "pos": [4, 9]}, "4;8": {"type": "stone", "variant": 0, "pos": [4, 8]}, "4;7": {"type": "stone", "variant": 0, "pos": [4, 7]}, "4;6": {"type": "stone", "variant": 0, "pos": [4, 6]}, "4;5": {"type": "stone", "variant": 0, "pos": [4, 5]}, "4;4": {"type": "stone", "variant": 0, "pos": [4, 4]}, "9;11": {"type": "boxes", "variant": 0, "pos": [9, 11]}, "6;10": {"type": "boxes", "variant": 0, "pos": [6, 10]}, "14;8": {"type": "boxes", "variant": 0, "pos": [14, 8]}}, "tile_size": 16, "offgrid": [], "objects": {"finish": [{"x": 20, "y": 12}], "buttons": [], "doors": [], "P1": {}, "P2": {}}, "physics_objects": [{"type": "boxes", "variant": 0, "pos": [9, 11]}, {"type": "boxes", "variant": 0, "pos": [6, 10]}, {"type": "boxes", "variant": 0, "pos": [14, 8]}]}