{"tilemap": {"3;11": {"type": "stone", "variant": 8, "pos": [3, 11]}, "4;11": {"type": "stone", "variant": 8, "pos": [4, 11]}, "5;11": {"type": "stone", "variant": 8, "pos": [5, 11]}, "6;11": {"type": "stone", "variant": 8, "pos": [6, 11]}, "7;11": {"type": "stone", "variant": 8, "pos": [7, 11]}, "8;11": {"type": "stone", "variant": 8, "pos": [8, 11]}, "9;11": {"type": "stone", "variant": 8, "pos": [9, 11]}, "23;6": {"type": "stone", "variant": 8, "pos": [23, 6]}, "23;7": {"type": "stone", "variant": 8, "pos": [23, 7]}, "23;8": {"type": "stone", "variant": 8, "pos": [23, 8]}, "24;8": {"type": "stone", "variant": 8, "pos": [24, 8]}, "25;8": {"type": "stone", "variant": 8, "pos": [25, 8]}, "26;8": {"type": "stone", "variant": 8, "pos": [26, 8]}, "26;6": {"type": "stone", "variant": 8, "pos": [26, 6]}, "26;7": {"type": "stone", "variant": 8, "pos": [26, 7]}, "10;11": {"type": "stone", "variant": 8, "pos": [10, 11]}, "11;11": {"type": "stone", "variant": 8, "pos": [11, 11]}, "12;11": {"type": "stone", "variant": 8, "pos": [12, 11]}, "13;11": {"type": "stone", "variant": 8, "pos": [13, 11]}, "14;11": {"type": "stone", "variant": 8, "pos": [14, 11]}, "15;11": {"type": "stone", "variant": 8, "pos": [15, 11]}, "16;11": {"type": "stone", "variant": 8, "pos": [16, 11]}, "17;11": {"type": "stone", "variant": 8, "pos": [17, 11]}, "18;11": {"type": "stone", "variant": 8, "pos": [18, 11]}, "19;11": {"type": "stone", "variant": 8, "pos": [19, 11]}, "20;11": {"type": "stone", "variant": 8, "pos": [20, 11]}, "21;11": {"type": "stone", "variant": 8, "pos": [21, 11]}, "22;11": {"type": "stone", "variant": 8, "pos": [22, 11]}, "23;11": {"type": "stone", "variant": 8, "pos": [23, 11]}, "24;11": {"type": "stone", "variant": 8, "pos": [24, 11]}, "25;11": {"type": "stone", "variant": 8, "pos": [25, 11]}, "26;11": {"type": "stone", "variant": 8, "pos": [26, 11]}, "27;11": {"type": "stone", "variant": 8, "pos": [27, 11]}, "28;11": {"type": "stone", "variant": 8, "pos": [28, 11]}, "6;8": {"type": "boxes", "variant": 0, "pos": [6, 8]}, "10;8": {"type": "boxes", "variant": 0, "pos": [10, 8]}}, "tile_size": 16, "offgrid": [], "objects": {"finish": [{"x": 24, "y": 6}], "buttons": [], "doors": [], "P1": {}, "P2": {}}, "physics_objects": [{"type": "boxes", "variant": 0, "pos": [6, 8]}, {"type": "boxes", "variant": 0, "pos": [10, 8]}]}