{"tilemap": {"0;7": {"type": "stone", "variant": 8, "pos": [0, 7]}, "1;7": {"type": "stone", "variant": 8, "pos": [1, 7]}, "2;7": {"type": "stone", "variant": 8, "pos": [2, 7]}, "3;7": {"type": "stone", "variant": 8, "pos": [3, 7]}, "4;7": {"type": "stone", "variant": 8, "pos": [4, 7]}, "5;7": {"type": "stone", "variant": 8, "pos": [5, 7]}, "6;7": {"type": "stone", "variant": 8, "pos": [6, 7]}, "7;7": {"type": "stone", "variant": 8, "pos": [7, 7]}, "8;7": {"type": "stone", "variant": 8, "pos": [8, 7]}, "9;7": {"type": "stone", "variant": 8, "pos": [9, 7]}, "10;7": {"type": "stone", "variant": 8, "pos": [10, 7]}, "11;7": {"type": "stone", "variant": 8, "pos": [11, 7]}, "12;7": {"type": "stone", "variant": 8, "pos": [12, 7]}, "13;7": {"type": "stone", "variant": 8, "pos": [13, 7]}, "14;7": {"type": "stone", "variant": 8, "pos": [14, 7]}, "15;7": {"type": "stone", "variant": 8, "pos": [15, 7]}, "16;7": {"type": "stone", "variant": 8, "pos": [16, 7]}, "17;7": {"type": "stone", "variant": 8, "pos": [17, 7]}, "18;7": {"type": "stone", "variant": 8, "pos": [18, 7]}, "19;7": {"type": "stone", "variant": 8, "pos": [19, 7]}, "20;7": {"type": "stone", "variant": 8, "pos": [20, 7]}, "21;7": {"type": "stone", "variant": 8, "pos": [21, 7]}, "22;7": {"type": "stone", "variant": 8, "pos": [22, 7]}, "23;7": {"type": "stone", "variant": 8, "pos": [23, 7]}, "24;7": {"type": "stone", "variant": 8, "pos": [24, 7]}, "25;7": {"type": "stone", "variant": 8, "pos": [25, 7]}, "26;7": {"type": "stone", "variant": 8, "pos": [26, 7]}, "27;7": {"type": "stone", "variant": 8, "pos": [27, 7]}, "28;7": {"type": "stone", "variant": 8, "pos": [28, 7]}, "29;7": {"type": "stone", "variant": 8, "pos": [29, 7]}, "30;7": {"type": "stone", "variant": 8, "pos": [30, 7]}, "31;7": {"type": "stone", "variant": 8, "pos": [31, 7]}, "32;7": {"type": "stone", "variant": 8, "pos": [32, 7]}, "33;7": {"type": "stone", "variant": 8, "pos": [33, 7]}, "34;7": {"type": "stone", "variant": 8, "pos": [34, 7]}, "35;7": {"type": "stone", "variant": 8, "pos": [35, 7]}, "36;7": {"type": "stone", "variant": 8, "pos": [36, 7]}, "37;7": {"type": "stone", "variant": 8, "pos": [37, 7]}, "23;5": {"type": "stone", "variant": 8, "pos": [23, 5]}, "23;6": {"type": "stone", "variant": 8, "pos": [23, 6]}, "26;5": {"type": "stone", "variant": 8, "pos": [26, 5]}, "26;6": {"type": "stone", "variant": 8, "pos": [26, 6]}, "18;8": {"type": "stone", "variant": 8, "pos": [18, 8]}, "18;9": {"type": "stone", "variant": 8, "pos": [18, 9]}, "18;10": {"type": "stone", "variant": 8, "pos": [18, 10]}, "18;11": {"type": "stone", "variant": 8, "pos": [18, 11]}, "18;12": {"type": "stone", "variant": 8, "pos": [18, 12]}, "18;13": {"type": "stone", "variant": 8, "pos": [18, 13]}, "18;14": {"type": "stone", "variant": 8, "pos": [18, 14]}, "18;15": {"type": "stone", "variant": 8, "pos": [18, 15]}, "18;16": {"type": "stone", "variant": 8, "pos": [18, 16]}, "18;17": {"type": "stone", "variant": 8, "pos": [18, 17]}, "18;18": {"type": "stone", "variant": 8, "pos": [18, 18]}, "18;19": {"type": "stone", "variant": 8, "pos": [18, 19]}, "27;16": {"type": "stone", "variant": 8, "pos": [27, 16]}, "27;17": {"type": "stone", "variant": 8, "pos": [27, 17]}, "28;17": {"type": "stone", "variant": 8, "pos": [28, 17]}, "29;17": {"type": "stone", "variant": 8, "pos": [29, 17]}, "30;17": {"type": "stone", "variant": 8, "pos": [30, 17]}, "30;16": {"type": "stone", "variant": 8, "pos": [30, 16]}, "30;15": {"type": "stone", "variant": 8, "pos": [30, 15]}, "27;15": {"type": "stone", "variant": 8, "pos": [27, 15]}, "3;11": {"type": "stone", "variant": 8, "pos": [3, 11]}, "4;11": {"type": "stone", "variant": 8, "pos": [4, 11]}, "5;11": {"type": "stone", "variant": 8, "pos": [5, 11]}, "6;11": {"type": "stone", "variant": 8, "pos": [6, 11]}, "7;11": {"type": "stone", "variant": 8, "pos": [7, 11]}, "8;11": {"type": "stone", "variant": 8, "pos": [8, 11]}, "9;11": {"type": "stone", "variant": 8, "pos": [9, 11]}, "10;11": {"type": "stone", "variant": 8, "pos": [10, 11]}, "11;11": {"type": "stone", "variant": 8, "pos": [11, 11]}, "12;11": {"type": "stone", "variant": 8, "pos": [12, 11]}, "17;17": {"type": "stone", "variant": 8, "pos": [17, 17]}, "16;17": {"type": "stone", "variant": 8, "pos": [16, 17]}, "15;17": {"type": "stone", "variant": 8, "pos": [15, 17]}, "14;17": {"type": "stone", "variant": 8, "pos": [14, 17]}, "13;17": {"type": "stone", "variant": 8, "pos": [13, 17]}, "12;17": {"type": "stone", "variant": 8, "pos": [12, 17]}, "11;17": {"type": "stone", "variant": 8, "pos": [11, 17]}, "10;17": {"type": "stone", "variant": 8, "pos": [10, 17]}, "9;17": {"type": "stone", "variant": 8, "pos": [9, 17]}, "8;17": {"type": "stone", "variant": 8, "pos": [8, 17]}, "7;17": {"type": "stone", "variant": 8, "pos": [7, 17]}, "6;17": {"type": "stone", "variant": 8, "pos": [6, 17]}, "5;17": {"type": "stone", "variant": 8, "pos": [5, 17]}, "4;17": {"type": "stone", "variant": 8, "pos": [4, 17]}, "3;17": {"type": "stone", "variant": 8, "pos": [3, 17]}, "3;10": {"type": "stone", "variant": 8, "pos": [3, 10]}, "3;9": {"type": "stone", "variant": 8, "pos": [3, 9]}, "3;8": {"type": "stone", "variant": 8, "pos": [3, 8]}, "6;9": {"type": "boxes", "variant": 0, "pos": [6, 9]}, "10;9": {"type": "boxes", "variant": 0, "pos": [10, 9]}, "6;5": {"type": "boxes", "variant": 0, "pos": [6, 5]}}, "tile_size": 16, "offgrid": [], "objects": {"finish": [{"x": 28, "y": 15}, {"x": 24, "y": 5}], "buttons": [], "doors": [], "P1": {}, "P2": {}}, "physics_objects": [{"type": "boxes", "variant": 0, "pos": [6, 9]}, {"type": "boxes", "variant": 0, "pos": [10, 9]}, {"type": "boxes", "variant": 0, "pos": [6, 5]}]}