{"tilemap": {"2;17": {"type": "stone", "variant": 8, "pos": [2, 17]}, "3;17": {"type": "stone", "variant": 8, "pos": [3, 17]}, "4;17": {"type": "stone", "variant": 8, "pos": [4, 17]}, "5;17": {"type": "stone", "variant": 8, "pos": [5, 17]}, "6;17": {"type": "stone", "variant": 8, "pos": [6, 17]}, "7;17": {"type": "stone", "variant": 8, "pos": [7, 17]}, "8;17": {"type": "stone", "variant": 8, "pos": [8, 17]}, "9;17": {"type": "stone", "variant": 8, "pos": [9, 17]}, "10;17": {"type": "stone", "variant": 8, "pos": [10, 17]}, "17;3": {"type": "stone", "variant": 8, "pos": [17, 3]}, "17;4": {"type": "stone", "variant": 8, "pos": [17, 4]}, "17;5": {"type": "stone", "variant": 8, "pos": [17, 5]}, "17;6": {"type": "stone", "variant": 8, "pos": [17, 6]}, "17;7": {"type": "stone", "variant": 8, "pos": [17, 7]}, "17;8": {"type": "stone", "variant": 8, "pos": [17, 8]}, "17;9": {"type": "stone", "variant": 8, "pos": [17, 9]}, "17;10": {"type": "stone", "variant": 8, "pos": [17, 10]}, "17;11": {"type": "stone", "variant": 8, "pos": [17, 11]}, "17;16": {"type": "stone", "variant": 8, "pos": [17, 16]}, "17;17": {"type": "stone", "variant": 8, "pos": [17, 17]}, "17;18": {"type": "stone", "variant": 8, "pos": [17, 18]}, "17;19": {"type": "stone", "variant": 8, "pos": [17, 19]}, "17;20": {"type": "stone", "variant": 8, "pos": [17, 20]}, "17;21": {"type": "stone", "variant": 8, "pos": [17, 21]}, "17;22": {"type": "stone", "variant": 8, "pos": [17, 22]}, "17;23": {"type": "stone", "variant": 8, "pos": [17, 23]}, "17;12": {"type": "stone", "variant": 8, "pos": [17, 12]}, "17;13": {"type": "stone", "variant": 8, "pos": [17, 13]}, "17;14": {"type": "stone", "variant": 8, "pos": [17, 14]}, "17;15": {"type": "stone", "variant": 8, "pos": [17, 15]}, "23;14": {"type": "stone", "variant": 8, "pos": [23, 14]}, "23;15": {"type": "stone", "variant": 8, "pos": [23, 15]}, "24;15": {"type": "stone", "variant": 8, "pos": [24, 15]}, "25;15": {"type": "stone", "variant": 8, "pos": [25, 15]}, "26;15": {"type": "stone", "variant": 8, "pos": [26, 15]}, "26;14": {"type": "stone", "variant": 8, "pos": [26, 14]}, "23;13": {"type": "stone", "variant": 8, "pos": [23, 13]}, "26;13": {"type": "stone", "variant": 8, "pos": [26, 13]}, "4;14": {"type": "boxes", "variant": 0, "pos": [4, 14]}, "8;14": {"type": "boxes", "variant": 0, "pos": [8, 14]}}, "tile_size": 16, "offgrid": [], "objects": {"finish": [{"x": 24, "y": 13}], "buttons": [], "doors": [], "P1": {}, "P2": {}}, "physics_objects": [{"type": "boxes", "variant": 0, "pos": [4, 14]}, {"type": "boxes", "variant": 0, "pos": [8, 14]}]}