{
    "Sokoban": {
        "Level 1": {
            "completed": false
        },
        "Level 2": {
            "completed": false
        },
        "Level 3": {
            "completed": false
        },
        "Level 4": {
            "completed": false
        },
        "Level 5": {
            "completed": false
        }
    },
    "Platformer": {
        "Level 1": {
            "completed": false,
            "file": "Pmap_1.json"
        },
        "Level 2": {
            "completed": false,
            "file": "Pmap_2.json"
        },
        "Level 3": {
            "completed": false,
            "file": "Pmap_3.json"
        }
    },
    "Prototype": {
        "Level 1": {
            "completed": false,
            "file": "NewMap_prototype.json"
        },
        "Level 2": {
            "completed": false,
            "file": "ProtoMap_1.json"
        },
        "Level 3": {
            "completed": false,
            "file": "ProtoMap_3.json"
        }
    }
}