{"tilemap": {"9;10": {"type": "stone", "variant": 0, "pos": [9, 10]}, "13;10": {"type": "stone", "variant": 2, "pos": [13, 10]}, "10;10": {"type": "stone", "variant": 1, "pos": [10, 10]}, "11;10": {"type": "stone", "variant": 1, "pos": [11, 10]}, "12;10": {"type": "stone", "variant": 1, "pos": [12, 10]}}, "tile_size": 16, "offgrid": [{"type": "grass", "variant": 8, "pos": [208.0, 144.0]}, {"type": "grass", "variant": 8, "pos": [193.5, 150.5]}, {"type": "grass", "variant": 8, "pos": [179.0, 149.5]}, {"type": "grass", "variant": 8, "pos": [172.5, 143.0]}, {"type": "grass", "variant": 8, "pos": [188.0, 140.0]}, {"type": "boxes", "variant": 0, "pos": [150.0, 137.0]}, {"type": "boxes", "variant": 0, "pos": [140.5, 148.5]}, {"type": "boxes", "variant": 0, "pos": [155.0, 149.0]}]}