{"tilemap": {"2;18": {"type": "stone", "variant": 0, "pos": [2, 18]}, "11;18": {"type": "stone", "variant": 2, "pos": [11, 18]}, "23;9": {"type": "stone", "variant": 2, "pos": [23, 9]}, "10;18": {"type": "stone", "variant": 1, "pos": [10, 18]}, "9;18": {"type": "stone", "variant": 1, "pos": [9, 18]}, "8;18": {"type": "stone", "variant": 1, "pos": [8, 18]}, "7;18": {"type": "stone", "variant": 1, "pos": [7, 18]}, "6;18": {"type": "stone", "variant": 1, "pos": [6, 18]}, "5;18": {"type": "stone", "variant": 1, "pos": [5, 18]}, "4;18": {"type": "stone", "variant": 1, "pos": [4, 18]}, "3;18": {"type": "stone", "variant": 1, "pos": [3, 18]}, "22;9": {"type": "stone", "variant": 1, "pos": [22, 9]}, "21;9": {"type": "stone", "variant": 1, "pos": [21, 9]}, "20;9": {"type": "stone", "variant": 1, "pos": [20, 9]}, "19;9": {"type": "stone", "variant": 1, "pos": [19, 9]}, "18;9": {"type": "stone", "variant": 1, "pos": [18, 9]}, "17;9": {"type": "stone", "variant": 1, "pos": [17, 9]}, "16;9": {"type": "stone", "variant": 0, "pos": [16, 9]}, "17;10": {"type": "stone", "variant": 8, "pos": [17, 10]}, "17;11": {"type": "stone", "variant": 8, "pos": [17, 11]}, "18;11": {"type": "stone", "variant": 8, "pos": [18, 11]}, "18;10": {"type": "stone", "variant": 8, "pos": [18, 10]}, "19;11": {"type": "stone", "variant": 8, "pos": [19, 11]}, "20;11": {"type": "stone", "variant": 8, "pos": [20, 11]}, "21;11": {"type": "stone", "variant": 8, "pos": [21, 11]}, "21;10": {"type": "stone", "variant": 8, "pos": [21, 10]}, "22;10": {"type": "stone", "variant": 8, "pos": [22, 10]}, "22;11": {"type": "stone", "variant": 8, "pos": [22, 11]}, "20;10": {"type": "stone", "variant": 8, "pos": [20, 10]}, "19;10": {"type": "stone", "variant": 8, "pos": [19, 10]}, "16;10": {"type": "stone", "variant": 7, "pos": [16, 10]}, "16;11": {"type": "stone", "variant": 7, "pos": [16, 11]}, "2;19": {"type": "stone", "variant": 7, "pos": [2, 19]}, "2;20": {"type": "stone", "variant": 7, "pos": [2, 20]}, "2;21": {"type": "stone", "variant": 6, "pos": [2, 21]}, "23;10": {"type": "stone", "variant": 3, "pos": [23, 10]}, "23;11": {"type": "stone", "variant": 3, "pos": [23, 11]}, "23;12": {"type": "stone", "variant": 4, "pos": [23, 12]}, "22;12": {"type": "stone", "variant": 5, "pos": [22, 12]}, "21;12": {"type": "stone", "variant": 5, "pos": [21, 12]}, "20;12": {"type": "stone", "variant": 5, "pos": [20, 12]}, "19;12": {"type": "stone", "variant": 5, "pos": [19, 12]}, "18;12": {"type": "stone", "variant": 5, "pos": [18, 12]}, "17;12": {"type": "stone", "variant": 5, "pos": [17, 12]}, "16;12": {"type": "stone", "variant": 6, "pos": [16, 12]}, "10;19": {"type": "stone", "variant": 5, "pos": [10, 19]}, "10;20": {"type": "stone", "variant": 5, "pos": [10, 20]}, "10;21": {"type": "stone", "variant": 5, "pos": [10, 21]}, "9;21": {"type": "stone", "variant": 5, "pos": [9, 21]}, "8;21": {"type": "stone", "variant": 5, "pos": [8, 21]}, "7;21": {"type": "stone", "variant": 5, "pos": [7, 21]}, "6;21": {"type": "stone", "variant": 5, "pos": [6, 21]}, "5;21": {"type": "stone", "variant": 5, "pos": [5, 21]}, "4;21": {"type": "stone", "variant": 5, "pos": [4, 21]}, "3;21": {"type": "stone", "variant": 5, "pos": [3, 21]}, "3;20": {"type": "stone", "variant": 5, "pos": [3, 20]}, "3;19": {"type": "stone", "variant": 5, "pos": [3, 19]}, "4;19": {"type": "stone", "variant": 5, "pos": [4, 19]}, "5;19": {"type": "stone", "variant": 5, "pos": [5, 19]}, "6;19": {"type": "stone", "variant": 5, "pos": [6, 19]}, "7;19": {"type": "stone", "variant": 5, "pos": [7, 19]}, "8;19": {"type": "stone", "variant": 5, "pos": [8, 19]}, "9;19": {"type": "stone", "variant": 5, "pos": [9, 19]}, "9;20": {"type": "stone", "variant": 5, "pos": [9, 20]}, "8;20": {"type": "stone", "variant": 5, "pos": [8, 20]}, "7;20": {"type": "stone", "variant": 5, "pos": [7, 20]}, "6;20": {"type": "stone", "variant": 5, "pos": [6, 20]}, "5;20": {"type": "stone", "variant": 5, "pos": [5, 20]}, "4;20": {"type": "stone", "variant": 5, "pos": [4, 20]}, "11;19": {"type": "stone", "variant": 3, "pos": [11, 19]}, "11;21": {"type": "stone", "variant": 4, "pos": [11, 21]}, "11;20": {"type": "stone", "variant": 3, "pos": [11, 20]}, "18;17": {"type": "grass", "variant": 0, "pos": [18, 17]}, "19;18": {"type": "grass", "variant": 8, "pos": [19, 18]}, "19;19": {"type": "grass", "variant": 8, "pos": [19, 19]}, "20;19": {"type": "grass", "variant": 8, "pos": [20, 19]}, "21;19": {"type": "grass", "variant": 8, "pos": [21, 19]}, "21;18": {"type": "grass", "variant": 8, "pos": [21, 18]}, "20;18": {"type": "grass", "variant": 8, "pos": [20, 18]}, "18;18": {"type": "grass", "variant": 7, "pos": [18, 18]}, "18;19": {"type": "grass", "variant": 6, "pos": [18, 19]}, "22;19": {"type": "grass", "variant": 4, "pos": [22, 19]}, "22;18": {"type": "grass", "variant": 3, "pos": [22, 18]}, "22;17": {"type": "grass", "variant": 2, "pos": [22, 17]}, "21;17": {"type": "grass", "variant": 1, "pos": [21, 17]}, "20;17": {"type": "grass", "variant": 1, "pos": [20, 17]}, "19;17": {"type": "grass", "variant": 1, "pos": [19, 17]}, "6;14": {"type": "boxes", "variant": 0, "pos": [6, 14]}, "20;6": {"type": "boxes", "variant": 0, "pos": [20, 6]}, "18;4": {"type": "boxes", "variant": 0, "pos": [18, 4]}}, "tile_size": 16, "offgrid": []}