{"tilemap": {"9;13": {"type": "stone", "variant": 0, "pos": [9, 13]}, "10;13": {"type": "stone", "variant": 0, "pos": [10, 13]}, "11;13": {"type": "stone", "variant": 0, "pos": [11, 13]}, "12;14": {"type": "stone", "variant": 0, "pos": [12, 14]}, "13;14": {"type": "stone", "variant": 0, "pos": [13, 14]}, "14;14": {"type": "stone", "variant": 0, "pos": [14, 14]}, "16;14": {"type": "stone", "variant": 0, "pos": [16, 14]}, "17;14": {"type": "stone", "variant": 0, "pos": [17, 14]}, "18;13": {"type": "stone", "variant": 0, "pos": [18, 13]}, "19;13": {"type": "stone", "variant": 0, "pos": [19, 13]}, "19;12": {"type": "stone", "variant": 0, "pos": [19, 12]}, "20;11": {"type": "stone", "variant": 0, "pos": [20, 11]}, "21;10": {"type": "stone", "variant": 0, "pos": [21, 10]}, "21;9": {"type": "stone", "variant": 0, "pos": [21, 9]}, "21;8": {"type": "stone", "variant": 0, "pos": [21, 8]}, "21;7": {"type": "stone", "variant": 0, "pos": [21, 7]}, "21;6": {"type": "stone", "variant": 0, "pos": [21, 6]}, "21;5": {"type": "stone", "variant": 0, "pos": [21, 5]}, "21;4": {"type": "stone", "variant": 0, "pos": [21, 4]}, "20;4": {"type": "stone", "variant": 0, "pos": [20, 4]}, "15;14": {"type": "stone", "variant": 0, "pos": [15, 14]}, "0;13": {"type": "grass", "variant": 0, "pos": [0, 13]}, "1;13": {"type": "grass", "variant": 0, "pos": [1, 13]}, "2;13": {"type": "grass", "variant": 0, "pos": [2, 13]}, "3;13": {"type": "grass", "variant": 0, "pos": [3, 13]}, "4;13": {"type": "grass", "variant": 0, "pos": [4, 13]}, "5;13": {"type": "grass", "variant": 0, "pos": [5, 13]}, "6;13": {"type": "grass", "variant": 0, "pos": [6, 13]}, "7;13": {"type": "grass", "variant": 0, "pos": [7, 13]}, "8;13": {"type": "grass", "variant": 0, "pos": [8, 13]}, "12;13": {"type": "stone", "variant": 0, "pos": [12, 13]}, "13;13": {"type": "stone", "variant": 0, "pos": [13, 13]}, "14;13": {"type": "stone", "variant": 0, "pos": [14, 13]}, "15;13": {"type": "stone", "variant": 0, "pos": [15, 13]}, "16;13": {"type": "stone", "variant": 0, "pos": [16, 13]}, "7;12": {"type": "stone", "variant": 0, "pos": [7, 12]}, "10;12": {"type": "stone", "variant": 0, "pos": [10, 12]}, "10;11": {"type": "stone", "variant": 0, "pos": [10, 11]}, "13;12": {"type": "stone", "variant": 0, "pos": [13, 12]}, "13;11": {"type": "stone", "variant": 0, "pos": [13, 11]}, "13;10": {"type": "stone", "variant": 0, "pos": [13, 10]}, "16;12": {"type": "stone", "variant": 0, "pos": [16, 12]}, "16;11": {"type": "stone", "variant": 0, "pos": [16, 11]}, "16;10": {"type": "stone", "variant": 0, "pos": [16, 10]}, "16;9": {"type": "stone", "variant": 0, "pos": [16, 9]}}, "tile_size": 16, "offgrid": [{"type": "stone", "variant": 0, "pos": [208.0, 48.5]}, {"type": "stone", "variant": 0, "pos": [140.5, 31.0]}, {"type": "stone", "variant": 0, "pos": [74.5, 39.0]}, {"type": "stone", "variant": 0, "pos": [47.5, 91.5]}, {"type": "stone", "variant": 0, "pos": [43.5, 176.5]}, {"type": "stone", "variant": 0, "pos": [76.5, 258.5]}, {"type": "stone", "variant": 0, "pos": [117.5, 288.0]}, {"type": "stone", "variant": 0, "pos": [316.5, 290.5]}, {"type": "stone", "variant": 0, "pos": [390.5, 213.5]}, {"type": "stone", "variant": 0, "pos": [391.0, 84.0]}, {"type": "stone", "variant": 0, "pos": [355.0, 9.5]}, {"type": "stone", "variant": 0, "pos": [254.5, 12.5]}, {"type": "grass", "variant": 0, "pos": [168.0, 135.5]}]}