{"tilemap": {"4;16": {"type": "stone", "variant": 6, "pos": [4, 16]}, "5;16": {"type": "stone", "variant": 8, "pos": [5, 16]}, "6;16": {"type": "stone", "variant": 8, "pos": [6, 16]}, "7;16": {"type": "stone", "variant": 8, "pos": [7, 16]}, "8;16": {"type": "stone", "variant": 8, "pos": [8, 16]}, "9;16": {"type": "stone", "variant": 8, "pos": [9, 16]}, "10;16": {"type": "stone", "variant": 8, "pos": [10, 16]}, "11;16": {"type": "stone", "variant": 8, "pos": [11, 16]}, "12;16": {"type": "stone", "variant": 8, "pos": [12, 16]}, "13;16": {"type": "stone", "variant": 8, "pos": [13, 16]}, "14;16": {"type": "stone", "variant": 8, "pos": [14, 16]}, "15;16": {"type": "stone", "variant": 8, "pos": [15, 16]}, "16;16": {"type": "stone", "variant": 8, "pos": [16, 16]}, "17;16": {"type": "stone", "variant": 8, "pos": [17, 16]}, "18;16": {"type": "stone", "variant": 8, "pos": [18, 16]}, "19;16": {"type": "stone", "variant": 8, "pos": [19, 16]}, "20;16": {"type": "stone", "variant": 8, "pos": [20, 16]}, "21;16": {"type": "stone", "variant": 8, "pos": [21, 16]}, "22;16": {"type": "stone", "variant": 8, "pos": [22, 16]}, "23;16": {"type": "stone", "variant": 8, "pos": [23, 16]}, "24;16": {"type": "stone", "variant": 8, "pos": [24, 16]}, "25;16": {"type": "stone", "variant": 8, "pos": [25, 16]}, "26;16": {"type": "stone", "variant": 8, "pos": [26, 16]}, "27;16": {"type": "stone", "variant": 4, "pos": [27, 16]}, "13;13": {"type": "stone", "variant": 2, "pos": [13, 13]}, "12;13": {"type": "stone", "variant": 1, "pos": [12, 13]}, "11;13": {"type": "stone", "variant": 1, "pos": [11, 13]}, "10;13": {"type": "stone", "variant": 1, "pos": [10, 13]}, "9;13": {"type": "stone", "variant": 0, "pos": [9, 13]}, "7;15": {"type": "stone", "variant": 3, "pos": [7, 15]}, "7;14": {"type": "stone", "variant": 2, "pos": [7, 14]}, "6;14": {"type": "stone", "variant": 1, "pos": [6, 14]}, "6;15": {"type": "stone", "variant": 8, "pos": [6, 15]}, "17;13": {"type": "stone", "variant": 7, "pos": [17, 13]}, "17;12": {"type": "stone", "variant": 7, "pos": [17, 12]}, "17;11": {"type": "stone", "variant": 0, "pos": [17, 11]}, "18;11": {"type": "stone", "variant": 1, "pos": [18, 11]}, "19;11": {"type": "stone", "variant": 1, "pos": [19, 11]}, "20;11": {"type": "stone", "variant": 1, "pos": [20, 11]}, "21;11": {"type": "stone", "variant": 1, "pos": [21, 11]}, "22;11": {"type": "stone", "variant": 2, "pos": [22, 11]}, "23;15": {"type": "stone", "variant": 0, "pos": [23, 15]}, "24;15": {"type": "stone", "variant": 8, "pos": [24, 15]}, "25;15": {"type": "stone", "variant": 8, "pos": [25, 15]}, "25;14": {"type": "stone", "variant": 8, "pos": [25, 14]}, "25;13": {"type": "stone", "variant": 0, "pos": [25, 13]}, "24;14": {"type": "stone", "variant": 0, "pos": [24, 14]}, "26;15": {"type": "stone", "variant": 8, "pos": [26, 15]}, "26;14": {"type": "stone", "variant": 8, "pos": [26, 14]}, "26;13": {"type": "stone", "variant": 8, "pos": [26, 13]}, "27;14": {"type": "stone", "variant": 3, "pos": [27, 14]}, "27;15": {"type": "stone", "variant": 3, "pos": [27, 15]}, "27;13": {"type": "stone", "variant": 3, "pos": [27, 13]}, "26;12": {"type": "stone", "variant": 7, "pos": [26, 12]}, "27;12": {"type": "stone", "variant": 3, "pos": [27, 12]}, "26;11": {"type": "stone", "variant": 7, "pos": [26, 11]}, "26;10": {"type": "stone", "variant": 7, "pos": [26, 10]}, "26;9": {"type": "grass", "variant": 7, "pos": [26, 9]}, "26;8": {"type": "grass", "variant": 7, "pos": [26, 8]}, "26;7": {"type": "grass", "variant": 7, "pos": [26, 7]}, "26;6": {"type": "grass", "variant": 7, "pos": [26, 6]}, "26;5": {"type": "grass", "variant": 7, "pos": [26, 5]}, "26;4": {"type": "grass", "variant": 0, "pos": [26, 4]}, "27;4": {"type": "grass", "variant": 2, "pos": [27, 4]}, "27;5": {"type": "grass", "variant": 3, "pos": [27, 5]}, "27;6": {"type": "grass", "variant": 3, "pos": [27, 6]}, "27;7": {"type": "grass", "variant": 3, "pos": [27, 7]}, "27;8": {"type": "grass", "variant": 3, "pos": [27, 8]}, "27;9": {"type": "grass", "variant": 3, "pos": [27, 9]}, "27;10": {"type": "stone", "variant": 3, "pos": [27, 10]}, "27;11": {"type": "stone", "variant": 3, "pos": [27, 11]}, "5;15": {"type": "stone", "variant": 8, "pos": [5, 15]}, "4;15": {"type": "stone", "variant": 7, "pos": [4, 15]}, "4;14": {"type": "stone", "variant": 7, "pos": [4, 14]}, "5;14": {"type": "stone", "variant": 8, "pos": [5, 14]}, "4;13": {"type": "stone", "variant": 7, "pos": [4, 13]}, "4;12": {"type": "stone", "variant": 7, "pos": [4, 12]}, "5;13": {"type": "stone", "variant": 3, "pos": [5, 13]}, "5;12": {"type": "stone", "variant": 3, "pos": [5, 12]}, "5;11": {"type": "stone", "variant": 3, "pos": [5, 11]}, "4;11": {"type": "stone", "variant": 7, "pos": [4, 11]}, "4;10": {"type": "stone", "variant": 7, "pos": [4, 10]}, "4;9": {"type": "grass", "variant": 7, "pos": [4, 9]}, "4;8": {"type": "grass", "variant": 7, "pos": [4, 8]}, "5;9": {"type": "grass", "variant": 8, "pos": [5, 9]}, "5;10": {"type": "stone", "variant": 8, "pos": [5, 10]}, "5;8": {"type": "grass", "variant": 3, "pos": [5, 8]}, "5;7": {"type": "grass", "variant": 3, "pos": [5, 7]}, "5;6": {"type": "grass", "variant": 3, "pos": [5, 6]}, "5;5": {"type": "grass", "variant": 3, "pos": [5, 5]}, "5;4": {"type": "grass", "variant": 2, "pos": [5, 4]}, "4;4": {"type": "grass", "variant": 0, "pos": [4, 4]}, "4;5": {"type": "grass", "variant": 7, "pos": [4, 5]}, "4;6": {"type": "grass", "variant": 7, "pos": [4, 6]}, "4;7": {"type": "grass", "variant": 7, "pos": [4, 7]}, "13;9": {"type": "grass", "variant": 1, "pos": [13, 9]}, "13;10": {"type": "stone", "variant": 4, "pos": [13, 10]}, "12;10": {"type": "stone", "variant": 8, "pos": [12, 10]}, "11;10": {"type": "stone", "variant": 8, "pos": [11, 10]}, "10;10": {"type": "stone", "variant": 8, "pos": [10, 10]}, "9;10": {"type": "stone", "variant": 8, "pos": [9, 10]}, "8;10": {"type": "stone", "variant": 8, "pos": [8, 10]}, "12;9": {"type": "grass", "variant": 1, "pos": [12, 9]}, "11;9": {"type": "grass", "variant": 1, "pos": [11, 9]}, "10;9": {"type": "grass", "variant": 1, "pos": [10, 9]}, "9;9": {"type": "grass", "variant": 1, "pos": [9, 9]}, "8;9": {"type": "grass", "variant": 1, "pos": [8, 9]}, "7;10": {"type": "stone", "variant": 8, "pos": [7, 10]}, "6;10": {"type": "stone", "variant": 8, "pos": [6, 10]}, "6;9": {"type": "grass", "variant": 1, "pos": [6, 9]}, "7;9": {"type": "grass", "variant": 1, "pos": [7, 9]}, "24;9": {"type": "grass", "variant": 0, "pos": [24, 9]}, "25;9": {"type": "grass", "variant": 1, "pos": [25, 9]}, "23;7": {"type": "grass", "variant": 2, "pos": [23, 7]}, "22;7": {"type": "grass", "variant": 1, "pos": [22, 7]}, "21;7": {"type": "grass", "variant": 1, "pos": [21, 7]}, "20;7": {"type": "grass", "variant": 1, "pos": [20, 7]}, "19;7": {"type": "grass", "variant": 1, "pos": [19, 7]}, "18;7": {"type": "grass", "variant": 1, "pos": [18, 7]}, "17;7": {"type": "grass", "variant": 8, "pos": [17, 7]}, "16;7": {"type": "grass", "variant": 6, "pos": [16, 7]}, "16;6": {"type": "grass", "variant": 5, "pos": [16, 6]}, "17;6": {"type": "grass", "variant": 3, "pos": [17, 6]}, "15;6": {"type": "grass", "variant": 5, "pos": [15, 6]}, "14;6": {"type": "grass", "variant": 5, "pos": [14, 6]}, "13;6": {"type": "grass", "variant": 6, "pos": [13, 6]}, "17;5": {"type": "grass", "variant": 2, "pos": [17, 5]}, "16;5": {"type": "grass", "variant": 1, "pos": [16, 5]}, "15;5": {"type": "grass", "variant": 1, "pos": [15, 5]}, "14;5": {"type": "grass", "variant": 1, "pos": [14, 5]}, "13;5": {"type": "grass", "variant": 0, "pos": [13, 5]}, "18;13": {"type": "stone", "variant": 8, "pos": [18, 13]}, "18;12": {"type": "stone", "variant": 8, "pos": [18, 12]}, "19;12": {"type": "stone", "variant": 8, "pos": [19, 12]}, "19;13": {"type": "stone", "variant": 4, "pos": [19, 13]}, "20;12": {"type": "stone", "variant": 8, "pos": [20, 12]}, "21;12": {"type": "stone", "variant": 8, "pos": [21, 12]}, "22;12": {"type": "stone", "variant": 5, "pos": [22, 12]}, "14;9": {"type": "grass", "variant": 1, "pos": [14, 9]}, "23;12": {"type": "stone", "variant": 2, "pos": [23, 12]}}, "tile_size": 16, "offgrid": [], "objects": {"buttons": [{"x": 11, "y": 12, "color": [255, 0, 0]}, {"x": 20, "y": 10, "color": [0, 255, 0]}, {"x": 11, "y": 8, "color": [0, 0, 255]}], "doors": [{"x": 13, "y": 14, "color": [255, 0, 0]}, {"x": 13, "y": 15, "color": [255, 0, 0]}, {"x": 17, "y": 14, "color": [0, 255, 0]}, {"x": 17, "y": 15, "color": [0, 255, 0]}, {"x": 24, "y": 8, "color": [0, 0, 255]}], "finish": {"x": 7, "y": 7}, "P1": {"x": 15, "y": 12}, "P2": {"x": 15, "y": 15}}}