{"tilemap": {"3;10": {"type": "stone", "variant": 7, "pos": [3, 10]}, "4;10": {"type": "stone", "variant": 1, "pos": [4, 10]}, "5;10": {"type": "stone", "variant": 1, "pos": [5, 10]}, "6;10": {"type": "stone", "variant": 1, "pos": [6, 10]}, "7;10": {"type": "stone", "variant": 1, "pos": [7, 10]}, "8;10": {"type": "stone", "variant": 1, "pos": [8, 10]}, "9;10": {"type": "stone", "variant": 1, "pos": [9, 10]}, "10;10": {"type": "stone", "variant": 1, "pos": [10, 10]}, "11;10": {"type": "stone", "variant": 1, "pos": [11, 10]}, "12;10": {"type": "stone", "variant": 2, "pos": [12, 10]}, "15;10": {"type": "stone", "variant": 6, "pos": [15, 10]}, "16;10": {"type": "stone", "variant": 1, "pos": [16, 10]}, "17;10": {"type": "stone", "variant": 1, "pos": [17, 10]}, "18;10": {"type": "stone", "variant": 1, "pos": [18, 10]}, "12;13": {"type": "stone", "variant": 8, "pos": [12, 13]}, "13;13": {"type": "stone", "variant": 1, "pos": [13, 13]}, "14;13": {"type": "stone", "variant": 1, "pos": [14, 13]}, "15;13": {"type": "stone", "variant": 1, "pos": [15, 13]}, "15;8": {"type": "stone", "variant": 0, "pos": [15, 8]}, "15;9": {"type": "stone", "variant": 7, "pos": [15, 9]}, "16;9": {"type": "stone", "variant": 3, "pos": [16, 9]}, "16;8": {"type": "stone", "variant": 2, "pos": [16, 8]}, "16;13": {"type": "stone", "variant": 1, "pos": [16, 13]}, "11;13": {"type": "stone", "variant": 8, "pos": [11, 13]}, "11;11": {"type": "stone", "variant": 8, "pos": [11, 11]}, "11;12": {"type": "stone", "variant": 8, "pos": [11, 12]}, "12;11": {"type": "stone", "variant": 3, "pos": [12, 11]}, "12;12": {"type": "stone", "variant": 3, "pos": [12, 12]}, "10;11": {"type": "stone", "variant": 8, "pos": [10, 11]}, "9;11": {"type": "stone", "variant": 8, "pos": [9, 11]}, "8;11": {"type": "stone", "variant": 8, "pos": [8, 11]}, "7;11": {"type": "stone", "variant": 8, "pos": [7, 11]}, "6;11": {"type": "stone", "variant": 8, "pos": [6, 11]}, "5;11": {"type": "stone", "variant": 8, "pos": [5, 11]}, "4;11": {"type": "stone", "variant": 8, "pos": [4, 11]}, "4;12": {"type": "stone", "variant": 8, "pos": [4, 12]}, "5;12": {"type": "stone", "variant": 8, "pos": [5, 12]}, "6;12": {"type": "stone", "variant": 8, "pos": [6, 12]}, "7;12": {"type": "stone", "variant": 8, "pos": [7, 12]}, "8;12": {"type": "stone", "variant": 8, "pos": [8, 12]}, "9;12": {"type": "stone", "variant": 8, "pos": [9, 12]}, "10;12": {"type": "stone", "variant": 8, "pos": [10, 12]}, "10;13": {"type": "stone", "variant": 8, "pos": [10, 13]}, "9;13": {"type": "stone", "variant": 8, "pos": [9, 13]}, "8;13": {"type": "stone", "variant": 8, "pos": [8, 13]}, "7;13": {"type": "stone", "variant": 8, "pos": [7, 13]}, "6;13": {"type": "stone", "variant": 8, "pos": [6, 13]}, "5;13": {"type": "stone", "variant": 8, "pos": [5, 13]}, "4;13": {"type": "stone", "variant": 8, "pos": [4, 13]}, "3;12": {"type": "stone", "variant": 7, "pos": [3, 12]}, "3;11": {"type": "stone", "variant": 7, "pos": [3, 11]}, "3;13": {"type": "stone", "variant": 7, "pos": [3, 13]}, "17;13": {"type": "stone", "variant": 1, "pos": [17, 13]}, "18;13": {"type": "stone", "variant": 1, "pos": [18, 13]}, "19;13": {"type": "stone", "variant": 1, "pos": [19, 13]}, "20;13": {"type": "stone", "variant": 1, "pos": [20, 13]}, "21;13": {"type": "stone", "variant": 1, "pos": [21, 13]}, "22;13": {"type": "stone", "variant": 1, "pos": [22, 13]}, "19;10": {"type": "stone", "variant": 1, "pos": [19, 10]}, "20;10": {"type": "stone", "variant": 2, "pos": [20, 10]}, "23;12": {"type": "stone", "variant": 7, "pos": [23, 12]}, "23;11": {"type": "stone", "variant": 0, "pos": [23, 11]}, "23;13": {"type": "stone", "variant": 5, "pos": [23, 13]}, "24;11": {"type": "stone", "variant": 1, "pos": [24, 11]}, "25;11": {"type": "stone", "variant": 1, "pos": [25, 11]}, "25;12": {"type": "stone", "variant": 5, "pos": [25, 12]}, "24;12": {"type": "stone", "variant": 5, "pos": [24, 12]}, "24;13": {"type": "stone", "variant": 5, "pos": [24, 13]}, "25;13": {"type": "stone", "variant": 5, "pos": [25, 13]}, "25;14": {"type": "stone", "variant": 5, "pos": [25, 14]}, "24;14": {"type": "stone", "variant": 5, "pos": [24, 14]}, "23;14": {"type": "stone", "variant": 5, "pos": [23, 14]}, "22;14": {"type": "stone", "variant": 5, "pos": [22, 14]}, "21;14": {"type": "stone", "variant": 5, "pos": [21, 14]}, "20;14": {"type": "stone", "variant": 5, "pos": [20, 14]}, "19;14": {"type": "stone", "variant": 5, "pos": [19, 14]}, "18;14": {"type": "stone", "variant": 5, "pos": [18, 14]}, "17;14": {"type": "stone", "variant": 5, "pos": [17, 14]}, "16;14": {"type": "stone", "variant": 5, "pos": [16, 14]}, "15;14": {"type": "stone", "variant": 5, "pos": [15, 14]}, "14;14": {"type": "stone", "variant": 5, "pos": [14, 14]}, "13;14": {"type": "stone", "variant": 5, "pos": [13, 14]}, "12;14": {"type": "stone", "variant": 5, "pos": [12, 14]}, "11;14": {"type": "stone", "variant": 5, "pos": [11, 14]}, "10;14": {"type": "stone", "variant": 5, "pos": [10, 14]}, "9;14": {"type": "stone", "variant": 5, "pos": [9, 14]}, "8;14": {"type": "stone", "variant": 5, "pos": [8, 14]}, "7;14": {"type": "stone", "variant": 5, "pos": [7, 14]}, "6;14": {"type": "stone", "variant": 5, "pos": [6, 14]}, "5;14": {"type": "stone", "variant": 5, "pos": [5, 14]}, "4;14": {"type": "stone", "variant": 5, "pos": [4, 14]}, "4;15": {"type": "stone", "variant": 5, "pos": [4, 15]}, "5;15": {"type": "stone", "variant": 5, "pos": [5, 15]}, "6;15": {"type": "stone", "variant": 5, "pos": [6, 15]}, "7;15": {"type": "stone", "variant": 5, "pos": [7, 15]}, "8;15": {"type": "stone", "variant": 5, "pos": [8, 15]}, "9;15": {"type": "stone", "variant": 5, "pos": [9, 15]}, "10;15": {"type": "stone", "variant": 5, "pos": [10, 15]}, "11;15": {"type": "stone", "variant": 5, "pos": [11, 15]}, "12;15": {"type": "stone", "variant": 5, "pos": [12, 15]}, "13;15": {"type": "stone", "variant": 5, "pos": [13, 15]}, "14;15": {"type": "stone", "variant": 5, "pos": [14, 15]}, "15;15": {"type": "stone", "variant": 5, "pos": [15, 15]}, "16;15": {"type": "stone", "variant": 5, "pos": [16, 15]}, "17;15": {"type": "stone", "variant": 5, "pos": [17, 15]}, "18;15": {"type": "stone", "variant": 5, "pos": [18, 15]}, "19;15": {"type": "stone", "variant": 5, "pos": [19, 15]}, "20;15": {"type": "stone", "variant": 5, "pos": [20, 15]}, "21;15": {"type": "stone", "variant": 5, "pos": [21, 15]}, "22;15": {"type": "stone", "variant": 5, "pos": [22, 15]}, "23;15": {"type": "stone", "variant": 5, "pos": [23, 15]}, "26;14": {"type": "stone", "variant": 5, "pos": [26, 14]}, "25;15": {"type": "stone", "variant": 5, "pos": [25, 15]}, "24;15": {"type": "stone", "variant": 5, "pos": [24, 15]}, "26;15": {"type": "stone", "variant": 5, "pos": [26, 15]}, "26;13": {"type": "stone", "variant": 5, "pos": [26, 13]}, "26;12": {"type": "stone", "variant": 5, "pos": [26, 12]}, "26;11": {"type": "stone", "variant": 1, "pos": [26, 11]}, "3;14": {"type": "stone", "variant": 7, "pos": [3, 14]}, "3;15": {"type": "stone", "variant": 6, "pos": [3, 15]}, "29;10": {"type": "stone", "variant": 3, "pos": [29, 10]}, "29;9": {"type": "stone", "variant": 3, "pos": [29, 9]}, "29;8": {"type": "stone", "variant": 3, "pos": [29, 8]}, "29;7": {"type": "stone", "variant": 3, "pos": [29, 7]}, "29;6": {"type": "stone", "variant": 3, "pos": [29, 6]}, "29;5": {"type": "stone", "variant": 3, "pos": [29, 5]}, "29;4": {"type": "stone", "variant": 3, "pos": [29, 4]}, "29;3": {"type": "stone", "variant": 2, "pos": [29, 3]}, "28;3": {"type": "stone", "variant": 0, "pos": [28, 3]}, "28;4": {"type": "stone", "variant": 7, "pos": [28, 4]}, "28;5": {"type": "stone", "variant": 7, "pos": [28, 5]}, "28;6": {"type": "stone", "variant": 7, "pos": [28, 6]}, "28;7": {"type": "stone", "variant": 7, "pos": [28, 7]}, "28;8": {"type": "stone", "variant": 7, "pos": [28, 8]}, "28;9": {"type": "stone", "variant": 7, "pos": [28, 9]}, "28;10": {"type": "stone", "variant": 7, "pos": [28, 10]}, "30;11": {"type": "stone", "variant": 2, "pos": [30, 11]}, "27;15": {"type": "stone", "variant": 5, "pos": [27, 15]}, "28;15": {"type": "stone", "variant": 5, "pos": [28, 15]}, "29;15": {"type": "stone", "variant": 5, "pos": [29, 15]}, "29;14": {"type": "stone", "variant": 5, "pos": [29, 14]}, "29;13": {"type": "stone", "variant": 5, "pos": [29, 13]}, "29;12": {"type": "stone", "variant": 5, "pos": [29, 12]}, "28;12": {"type": "stone", "variant": 5, "pos": [28, 12]}, "27;12": {"type": "stone", "variant": 5, "pos": [27, 12]}, "27;13": {"type": "stone", "variant": 5, "pos": [27, 13]}, "27;14": {"type": "stone", "variant": 5, "pos": [27, 14]}, "28;14": {"type": "stone", "variant": 5, "pos": [28, 14]}, "28;13": {"type": "stone", "variant": 5, "pos": [28, 13]}, "27;11": {"type": "stone", "variant": 1, "pos": [27, 11]}, "28;11": {"type": "stone", "variant": 1, "pos": [28, 11]}, "29;11": {"type": "stone", "variant": 1, "pos": [29, 11]}, "3;2": {"type": "stone", "variant": 0, "pos": [3, 2]}, "3;3": {"type": "stone", "variant": 7, "pos": [3, 3]}, "3;4": {"type": "stone", "variant": 7, "pos": [3, 4]}, "3;5": {"type": "stone", "variant": 7, "pos": [3, 5]}, "3;6": {"type": "stone", "variant": 7, "pos": [3, 6]}, "3;7": {"type": "stone", "variant": 7, "pos": [3, 7]}, "3;8": {"type": "stone", "variant": 7, "pos": [3, 8]}, "3;9": {"type": "stone", "variant": 7, "pos": [3, 9]}, "4;9": {"type": "stone", "variant": 3, "pos": [4, 9]}, "4;8": {"type": "stone", "variant": 3, "pos": [4, 8]}, "4;7": {"type": "stone", "variant": 3, "pos": [4, 7]}, "4;6": {"type": "stone", "variant": 3, "pos": [4, 6]}, "4;5": {"type": "stone", "variant": 3, "pos": [4, 5]}, "4;4": {"type": "stone", "variant": 3, "pos": [4, 4]}, "4;3": {"type": "stone", "variant": 3, "pos": [4, 3]}, "4;2": {"type": "stone", "variant": 2, "pos": [4, 2]}, "30;12": {"type": "stone", "variant": 3, "pos": [30, 12]}, "30;13": {"type": "stone", "variant": 3, "pos": [30, 13]}, "30;14": {"type": "stone", "variant": 3, "pos": [30, 14]}, "30;15": {"type": "stone", "variant": 4, "pos": [30, 15]}}, "tile_size": 16, "offgrid": [], "objects": {"buttons": [{"x": 18, "y": 9, "color": [120, 50, 50]}], "doors": [{"x": 17, "y": 11, "color": [120, 50, 50]}, {"x": 17, "y": 12, "color": [120, 50, 50]}], "finish": {"x": 25, "y": 9}, "P1": {"x": 7, "y": 8}, "P2": {"x": 10, "y": 8}}}