{"tilemap": {"3;3": {"type": "stone", "variant": 0, "pos": [3, 3]}, "3;4": {"type": "stone", "variant": 7, "pos": [3, 4]}, "3;5": {"type": "stone", "variant": 7, "pos": [3, 5]}, "3;6": {"type": "stone", "variant": 7, "pos": [3, 6]}, "3;7": {"type": "stone", "variant": 7, "pos": [3, 7]}, "3;8": {"type": "stone", "variant": 7, "pos": [3, 8]}, "3;9": {"type": "stone", "variant": 7, "pos": [3, 9]}, "3;10": {"type": "stone", "variant": 7, "pos": [3, 10]}, "3;13": {"type": "stone", "variant": 5, "pos": [3, 13]}, "3;14": {"type": "stone", "variant": 5, "pos": [3, 14]}, "3;11": {"type": "stone", "variant": 7, "pos": [3, 11]}, "3;12": {"type": "stone", "variant": 5, "pos": [3, 12]}, "3;15": {"type": "stone", "variant": 5, "pos": [3, 15]}, "2;11": {"type": "stone", "variant": 0, "pos": [2, 11]}, "2;12": {"type": "stone", "variant": 7, "pos": [2, 12]}, "2;13": {"type": "stone", "variant": 7, "pos": [2, 13]}, "2;14": {"type": "stone", "variant": 7, "pos": [2, 14]}, "2;15": {"type": "stone", "variant": 6, "pos": [2, 15]}, "4;12": {"type": "stone", "variant": 5, "pos": [4, 12]}, "5;12": {"type": "stone", "variant": 5, "pos": [5, 12]}, "6;12": {"type": "stone", "variant": 5, "pos": [6, 12]}, "7;12": {"type": "stone", "variant": 5, "pos": [7, 12]}, "8;12": {"type": "stone", "variant": 5, "pos": [8, 12]}, "9;12": {"type": "stone", "variant": 5, "pos": [9, 12]}, "10;12": {"type": "stone", "variant": 5, "pos": [10, 12]}, "11;12": {"type": "stone", "variant": 5, "pos": [11, 12]}, "12;12": {"type": "stone", "variant": 5, "pos": [12, 12]}, "13;12": {"type": "stone", "variant": 5, "pos": [13, 12]}, "14;12": {"type": "stone", "variant": 5, "pos": [14, 12]}, "15;12": {"type": "stone", "variant": 5, "pos": [15, 12]}, "16;12": {"type": "stone", "variant": 5, "pos": [16, 12]}, "17;12": {"type": "stone", "variant": 5, "pos": [17, 12]}, "18;12": {"type": "stone", "variant": 5, "pos": [18, 12]}, "19;12": {"type": "stone", "variant": 5, "pos": [19, 12]}, "20;12": {"type": "stone", "variant": 5, "pos": [20, 12]}, "21;12": {"type": "stone", "variant": 5, "pos": [21, 12]}, "22;12": {"type": "stone", "variant": 5, "pos": [22, 12]}, "23;12": {"type": "stone", "variant": 5, "pos": [23, 12]}, "24;12": {"type": "stone", "variant": 5, "pos": [24, 12]}, "25;12": {"type": "stone", "variant": 5, "pos": [25, 12]}, "26;12": {"type": "stone", "variant": 5, "pos": [26, 12]}, "26;13": {"type": "stone", "variant": 5, "pos": [26, 13]}, "26;14": {"type": "stone", "variant": 5, "pos": [26, 14]}, "26;15": {"type": "stone", "variant": 5, "pos": [26, 15]}, "25;15": {"type": "stone", "variant": 5, "pos": [25, 15]}, "24;15": {"type": "stone", "variant": 5, "pos": [24, 15]}, "23;15": {"type": "stone", "variant": 5, "pos": [23, 15]}, "22;15": {"type": "stone", "variant": 5, "pos": [22, 15]}, "21;15": {"type": "stone", "variant": 5, "pos": [21, 15]}, "20;15": {"type": "stone", "variant": 5, "pos": [20, 15]}, "19;15": {"type": "stone", "variant": 5, "pos": [19, 15]}, "18;15": {"type": "stone", "variant": 5, "pos": [18, 15]}, "17;15": {"type": "stone", "variant": 5, "pos": [17, 15]}, "16;15": {"type": "stone", "variant": 5, "pos": [16, 15]}, "15;15": {"type": "stone", "variant": 5, "pos": [15, 15]}, "14;15": {"type": "stone", "variant": 5, "pos": [14, 15]}, "13;15": {"type": "stone", "variant": 5, "pos": [13, 15]}, "12;15": {"type": "stone", "variant": 5, "pos": [12, 15]}, "11;15": {"type": "stone", "variant": 5, "pos": [11, 15]}, "10;15": {"type": "stone", "variant": 5, "pos": [10, 15]}, "9;15": {"type": "stone", "variant": 5, "pos": [9, 15]}, "8;15": {"type": "stone", "variant": 5, "pos": [8, 15]}, "7;15": {"type": "stone", "variant": 5, "pos": [7, 15]}, "6;15": {"type": "stone", "variant": 5, "pos": [6, 15]}, "5;15": {"type": "stone", "variant": 5, "pos": [5, 15]}, "4;15": {"type": "stone", "variant": 5, "pos": [4, 15]}, "4;14": {"type": "stone", "variant": 5, "pos": [4, 14]}, "4;13": {"type": "stone", "variant": 5, "pos": [4, 13]}, "5;14": {"type": "stone", "variant": 5, "pos": [5, 14]}, "6;14": {"type": "stone", "variant": 5, "pos": [6, 14]}, "6;13": {"type": "stone", "variant": 5, "pos": [6, 13]}, "7;13": {"type": "stone", "variant": 5, "pos": [7, 13]}, "5;13": {"type": "stone", "variant": 5, "pos": [5, 13]}, "8;13": {"type": "stone", "variant": 5, "pos": [8, 13]}, "9;13": {"type": "stone", "variant": 5, "pos": [9, 13]}, "10;13": {"type": "stone", "variant": 5, "pos": [10, 13]}, "11;13": {"type": "stone", "variant": 5, "pos": [11, 13]}, "12;13": {"type": "stone", "variant": 5, "pos": [12, 13]}, "13;13": {"type": "stone", "variant": 5, "pos": [13, 13]}, "14;13": {"type": "stone", "variant": 5, "pos": [14, 13]}, "15;13": {"type": "stone", "variant": 5, "pos": [15, 13]}, "16;13": {"type": "stone", "variant": 5, "pos": [16, 13]}, "17;13": {"type": "stone", "variant": 5, "pos": [17, 13]}, "18;13": {"type": "stone", "variant": 5, "pos": [18, 13]}, "19;13": {"type": "stone", "variant": 5, "pos": [19, 13]}, "20;13": {"type": "stone", "variant": 5, "pos": [20, 13]}, "21;13": {"type": "stone", "variant": 5, "pos": [21, 13]}, "22;13": {"type": "stone", "variant": 5, "pos": [22, 13]}, "23;13": {"type": "stone", "variant": 5, "pos": [23, 13]}, "24;13": {"type": "stone", "variant": 5, "pos": [24, 13]}, "25;13": {"type": "stone", "variant": 5, "pos": [25, 13]}, "25;14": {"type": "stone", "variant": 5, "pos": [25, 14]}, "24;14": {"type": "stone", "variant": 5, "pos": [24, 14]}, "23;14": {"type": "stone", "variant": 5, "pos": [23, 14]}, "22;14": {"type": "stone", "variant": 5, "pos": [22, 14]}, "21;14": {"type": "stone", "variant": 5, "pos": [21, 14]}, "20;14": {"type": "stone", "variant": 5, "pos": [20, 14]}, "19;14": {"type": "stone", "variant": 5, "pos": [19, 14]}, "18;14": {"type": "stone", "variant": 5, "pos": [18, 14]}, "17;14": {"type": "stone", "variant": 5, "pos": [17, 14]}, "16;14": {"type": "stone", "variant": 5, "pos": [16, 14]}, "15;14": {"type": "stone", "variant": 5, "pos": [15, 14]}, "14;14": {"type": "stone", "variant": 5, "pos": [14, 14]}, "13;14": {"type": "stone", "variant": 5, "pos": [13, 14]}, "12;14": {"type": "stone", "variant": 5, "pos": [12, 14]}, "11;14": {"type": "stone", "variant": 5, "pos": [11, 14]}, "10;14": {"type": "stone", "variant": 5, "pos": [10, 14]}, "9;14": {"type": "stone", "variant": 5, "pos": [9, 14]}, "8;14": {"type": "stone", "variant": 5, "pos": [8, 14]}, "7;14": {"type": "stone", "variant": 5, "pos": [7, 14]}, "27;15": {"type": "stone", "variant": 4, "pos": [27, 15]}, "27;14": {"type": "stone", "variant": 3, "pos": [27, 14]}, "27;13": {"type": "stone", "variant": 3, "pos": [27, 13]}, "27;12": {"type": "stone", "variant": 3, "pos": [27, 12]}, "4;11": {"type": "stone", "variant": 3, "pos": [4, 11]}, "5;11": {"type": "stone", "variant": 1, "pos": [5, 11]}, "6;11": {"type": "stone", "variant": 1, "pos": [6, 11]}, "7;11": {"type": "stone", "variant": 1, "pos": [7, 11]}, "8;11": {"type": "stone", "variant": 1, "pos": [8, 11]}, "9;11": {"type": "stone", "variant": 1, "pos": [9, 11]}, "10;11": {"type": "stone", "variant": 1, "pos": [10, 11]}, "11;11": {"type": "stone", "variant": 1, "pos": [11, 11]}, "12;11": {"type": "stone", "variant": 1, "pos": [12, 11]}, "13;11": {"type": "stone", "variant": 1, "pos": [13, 11]}, "14;11": {"type": "stone", "variant": 1, "pos": [14, 11]}, "15;11": {"type": "stone", "variant": 1, "pos": [15, 11]}, "16;11": {"type": "stone", "variant": 1, "pos": [16, 11]}, "17;11": {"type": "stone", "variant": 1, "pos": [17, 11]}, "18;11": {"type": "stone", "variant": 1, "pos": [18, 11]}, "19;11": {"type": "stone", "variant": 1, "pos": [19, 11]}, "20;11": {"type": "stone", "variant": 1, "pos": [20, 11]}, "21;11": {"type": "stone", "variant": 1, "pos": [21, 11]}, "22;11": {"type": "stone", "variant": 1, "pos": [22, 11]}, "23;11": {"type": "stone", "variant": 1, "pos": [23, 11]}, "24;11": {"type": "stone", "variant": 1, "pos": [24, 11]}, "25;11": {"type": "stone", "variant": 1, "pos": [25, 11]}, "26;11": {"type": "stone", "variant": 7, "pos": [26, 11]}, "27;11": {"type": "stone", "variant": 3, "pos": [27, 11]}, "12;10": {"type": "stone", "variant": 2, "pos": [12, 10]}, "11;10": {"type": "stone", "variant": 0, "pos": [11, 10]}, "14;9": {"type": "stone", "variant": 0, "pos": [14, 9]}, "15;10": {"type": "stone", "variant": 5, "pos": [15, 10]}, "16;10": {"type": "stone", "variant": 3, "pos": [16, 10]}, "16;9": {"type": "stone", "variant": 2, "pos": [16, 9]}, "15;9": {"type": "stone", "variant": 1, "pos": [15, 9]}, "14;10": {"type": "stone", "variant": 7, "pos": [14, 10]}, "18;8": {"type": "stone", "variant": 0, "pos": [18, 8]}, "18;9": {"type": "stone", "variant": 6, "pos": [18, 9]}, "19;9": {"type": "stone", "variant": 5, "pos": [19, 9]}, "20;9": {"type": "stone", "variant": 5, "pos": [20, 9]}, "21;9": {"type": "stone", "variant": 4, "pos": [21, 9]}, "21;8": {"type": "stone", "variant": 2, "pos": [21, 8]}, "20;8": {"type": "stone", "variant": 1, "pos": [20, 8]}, "19;8": {"type": "stone", "variant": 1, "pos": [19, 8]}, "18;6": {"type": "stone", "variant": 6, "pos": [18, 6]}, "19;6": {"type": "stone", "variant": 5, "pos": [19, 6]}, "20;6": {"type": "stone", "variant": 5, "pos": [20, 6]}, "21;6": {"type": "stone", "variant": 4, "pos": [21, 6]}, "19;3": {"type": "stone", "variant": 1, "pos": [19, 3]}, "20;3": {"type": "stone", "variant": 1, "pos": [20, 3]}, "18;3": {"type": "stone", "variant": 0, "pos": [18, 3]}, "21;3": {"type": "stone", "variant": 2, "pos": [21, 3]}, "21;4": {"type": "stone", "variant": 3, "pos": [21, 4]}, "21;5": {"type": "stone", "variant": 3, "pos": [21, 5]}, "19;4": {"type": "stone", "variant": 8, "pos": [19, 4]}, "19;5": {"type": "stone", "variant": 8, "pos": [19, 5]}, "20;5": {"type": "stone", "variant": 8, "pos": [20, 5]}, "20;4": {"type": "stone", "variant": 8, "pos": [20, 4]}, "18;4": {"type": "stone", "variant": 7, "pos": [18, 4]}, "18;5": {"type": "stone", "variant": 7, "pos": [18, 5]}, "27;10": {"type": "stone", "variant": 3, "pos": [27, 10]}, "27;9": {"type": "stone", "variant": 3, "pos": [27, 9]}, "27;8": {"type": "stone", "variant": 3, "pos": [27, 8]}, "27;7": {"type": "stone", "variant": 3, "pos": [27, 7]}, "27;6": {"type": "stone", "variant": 3, "pos": [27, 6]}, "27;5": {"type": "stone", "variant": 3, "pos": [27, 5]}, "27;4": {"type": "stone", "variant": 3, "pos": [27, 4]}, "27;3": {"type": "stone", "variant": 2, "pos": [27, 3]}, "26;3": {"type": "stone", "variant": 0, "pos": [26, 3]}, "26;4": {"type": "stone", "variant": 7, "pos": [26, 4]}, "26;5": {"type": "stone", "variant": 7, "pos": [26, 5]}, "26;6": {"type": "stone", "variant": 7, "pos": [26, 6]}, "26;7": {"type": "stone", "variant": 7, "pos": [26, 7]}, "26;8": {"type": "stone", "variant": 7, "pos": [26, 8]}, "26;9": {"type": "stone", "variant": 7, "pos": [26, 9]}, "26;10": {"type": "stone", "variant": 7, "pos": [26, 10]}, "4;10": {"type": "stone", "variant": 3, "pos": [4, 10]}, "4;9": {"type": "stone", "variant": 3, "pos": [4, 9]}, "4;8": {"type": "stone", "variant": 3, "pos": [4, 8]}, "4;7": {"type": "stone", "variant": 3, "pos": [4, 7]}, "4;6": {"type": "stone", "variant": 3, "pos": [4, 6]}, "4;5": {"type": "stone", "variant": 3, "pos": [4, 5]}, "4;4": {"type": "stone", "variant": 3, "pos": [4, 4]}, "4;3": {"type": "stone", "variant": 2, "pos": [4, 3]}}, "tile_size": 16, "offgrid": [], "objects": {"buttons": [], "doors": [], "finish": {"x": 23, "y": 9}, "P1": {"x": 6, "y": 8}, "P2": {"x": 9, "y": 8}}}